<ArmGcc>
  <armgcc.common.outputfiles.hex>True</armgcc.common.outputfiles.hex>
  <armgcc.common.outputfiles.lss>True</armgcc.common.outputfiles.lss>
  <armgcc.common.outputfiles.eep>True</armgcc.common.outputfiles.eep>
  <armgcc.common.outputfiles.bin>True</armgcc.common.outputfiles.bin>
  <armgcc.common.outputfiles.srec>True</armgcc.common.outputfiles.srec>
  <armgcc.compiler.symbols.DefSymbols>
    <ListValues>
      <Value>NDEBUG</Value>
    </ListValues>
  </armgcc.compiler.symbols.DefSymbols>
  <armgcc.compiler.directories.IncludePaths>
    <ListValues>
      <Value>%24(PackRepoDir)\arm\CMSIS\5.4.0\CMSIS\Core\Include\</Value>
      <Value>../Config</Value>
      <Value>../</Value>
      <Value>../examples</Value>
      <Value>../hal/include</Value>
      <Value>../hal/utils/include</Value>
      <Value>../hpl/core</Value>
      <Value>../hpl/pio</Value>
      <Value>../hpl/pmc</Value>
      <Value>../hpl/tc</Value>
      <Value>../hpl/usart</Value>
      <Value>../hpl/xdmac</Value>
      <Value>../hri</Value>
      <Value>../thirdparty/RTOS</Value>
      <Value>../thirdparty/RTOS/freertos/FreeRTOSV10.0.0</Value>
      <Value>../thirdparty/RTOS/freertos/FreeRTOSV10.0.0/Source/include</Value>
      <Value>../thirdparty/RTOS/freertos/FreeRTOSV10.0.0/Source/portable/GCC/ARM_CM7</Value>
      <Value>../thirdparty/RTOS/freertos/FreeRTOSV10.0.0/module_config</Value>
      <Value>%24(PackRepoDir)\atmel\SAMV71_DFP\2.4.182\samv71b\include</Value>
    </ListValues>
  </armgcc.compiler.directories.IncludePaths>
  <armgcc.compiler.optimization.level>Optimize for size (-Os)</armgcc.compiler.optimization.level>
  <armgcc.compiler.optimization.PrepareFunctionsForGarbageCollection>True</armgcc.compiler.optimization.PrepareFunctionsForGarbageCollection>
  <armgcc.compiler.warnings.AllWarnings>True</armgcc.compiler.warnings.AllWarnings>
  <armgcc.compiler.miscellaneous.OtherFlags>-std=gnu99 -mfloat-abi=softfp -mfpu=fpv4-sp-d16</armgcc.compiler.miscellaneous.OtherFlags>
  <armgcc.linker.general.UseNewlibNano>True</armgcc.linker.general.UseNewlibNano>
  <armgcc.linker.libraries.Libraries>
    <ListValues>
      <Value>libm</Value>
    </ListValues>
  </armgcc.linker.libraries.Libraries>
  <armgcc.linker.libraries.LibrarySearchPaths>
    <ListValues>
      <Value>%24(ProjectDir)\Device_Startup</Value>
    </ListValues>
  </armgcc.linker.libraries.LibrarySearchPaths>
  <armgcc.linker.optimization.GarbageCollectUnusedSections>True</armgcc.linker.optimization.GarbageCollectUnusedSections>
  <armgcc.linker.miscellaneous.LinkerFlags>-Tsamv71q21b_flash.ld</armgcc.linker.miscellaneous.LinkerFlags>
  <armgcc.assembler.general.IncludePaths>
    <ListValues>
      <Value>%24(PackRepoDir)\arm\CMSIS\5.4.0\CMSIS\Core\Include\</Value>
      <Value>../Config</Value>
      <Value>../</Value>
      <Value>../examples</Value>
      <Value>../hal/include</Value>
      <Value>../hal/utils/include</Value>
      <Value>../hpl/core</Value>
      <Value>../hpl/pio</Value>
      <Value>../hpl/pmc</Value>
      <Value>../hpl/tc</Value>
      <Value>../hpl/usart</Value>
      <Value>../hpl/xdmac</Value>
      <Value>../hri</Value>
      <Value>../thirdparty/RTOS</Value>
      <Value>../thirdparty/RTOS/freertos/FreeRTOSV10.0.0</Value>
      <Value>../thirdparty/RTOS/freertos/FreeRTOSV10.0.0/Source/include</Value>
      <Value>../thirdparty/RTOS/freertos/FreeRTOSV10.0.0/Source/portable/GCC/ARM_CM7</Value>
      <Value>../thirdparty/RTOS/freertos/FreeRTOSV10.0.0/module_config</Value>
      <Value>%24(PackRepoDir)\atmel\SAMV71_DFP\2.4.182\samv71b\include</Value>
    </ListValues>
  </armgcc.assembler.general.IncludePaths>
  <armgcc.preprocessingassembler.general.IncludePaths>
    <ListValues>
      <Value>%24(PackRepoDir)\arm\CMSIS\5.4.0\CMSIS\Core\Include\</Value>
      <Value>../Config</Value>
      <Value>../</Value>
      <Value>../examples</Value>
      <Value>../hal/include</Value>
      <Value>../hal/utils/include</Value>
      <Value>../hpl/core</Value>
      <Value>../hpl/pio</Value>
      <Value>../hpl/pmc</Value>
      <Value>../hpl/tc</Value>
      <Value>../hpl/usart</Value>
      <Value>../hpl/xdmac</Value>
      <Value>../hri</Value>
      <Value>../thirdparty/RTOS</Value>
      <Value>../thirdparty/RTOS/freertos/FreeRTOSV10.0.0</Value>
      <Value>../thirdparty/RTOS/freertos/FreeRTOSV10.0.0/Source/include</Value>
      <Value>../thirdparty/RTOS/freertos/FreeRTOSV10.0.0/Source/portable/GCC/ARM_CM7</Value>
      <Value>../thirdparty/RTOS/freertos/FreeRTOSV10.0.0/module_config</Value>
      <Value>%24(PackRepoDir)\atmel\SAMV71_DFP\2.4.182\samv71b\include</Value>
    </ListValues>
  </armgcc.preprocessingassembler.general.IncludePaths>
</ArmGcc>